Name,Email,PhoneNumber,CompanyId,ContactBookId
Joao,joao@email.com,11976321000,6,13
Ana,ana@email.com,11976321001,9,16
Pedro,pedro@email.com,11976321002,12,19
Carla,carla@email.com,11976321003,11,18
Marcos,marcos@email.com,11976321004,10,17
Caroline,caroline@email.com,11976321031,9,16
Daniel,daniel@email.com,11976321032,12,19
Fernanda,fernanda@email.com,11976321033,11,18
Thiago,thiago@email.com,11976321034,10,17
Renata,renata@email.com,11976321035,6,13
Marcelo,marcelo@email.com,11976321036,9,16
Luana,luana@email.com,11976321037,12,19
Gabriel,gabriel@email.com,11976321038,11,18
Jessica,jessica@email.com,11976321039,10,17
Andre,andre@email.com,11976321040,6,13
Patricia,patricia@email.com,11976321041,9,16
Bruno,bruno@email.com,11976321042,12,19
Sabrina,sabrina@email.com,11976321043,11,18
Natalia,natalia@email.com,11976321044,10,17
Feliciano,feliciano@email.com,11976321045,120,13
Leonardo,leonardo@email.com,,12,19
Cristina,,11976321048,11,18
,andressa@email.com,11976321049,10,17
